{
	"ucenterUserGetById"	: "select * from t_ucenter_user where id=? and del_tag='0'",
	"ucenterUserGetByMobile": "select * from t_ucenter_user where ucenter_user_name=? and del_tag='0'",
	"ucenterUserLogin"		: "SELECT * FROM t_ucenter_user t WHERE t.del_tag='0' AND t.ucenter_user_name=? AND t.ucenter_user_password=?",
	"ucenterUserReg"		: "INSERT INTO t_ucenter_user VALUES(NULL, ?, ?, NOW(), 1, 'admin', NOW(), 1, 'admin', '0')",
	"ucenterUserForget"		: "UPDATE t_ucenter_user set ucenter_user_password=? where id=? and del_tag='0'",
	
	"ucenterCodeGet"		: "SELECT * FROM t_ucenter_code WHERE ucenter_code_type=? AND ucenter_code_mobile=? AND del_tag='0'",
	"ucenterCodeAdd"		: "INSERT INTO t_ucenter_code VALUES(NULL, ?, ?, ?, NOW(), 1, 'admin', NOW(), 1, 'admin', '0')",
	"ucenterCodeUpdate"		: "UPDATE t_ucenter_code SET ucenter_code_code=? WHERE ucenter_code_type=? AND ucenter_code_mobile=? AND del_tag='0'",
	"ucenterCodeDel"		: "UPDATE t_ucenter_code SET del_tag='1' where ucenter_code_type=? AND ucenter_code_mobile=?",
	
	"ucenterUserMenus"		: "SELECT t1.* FROM t_ucenter_menu t1 WHERE t1.id IN(SELECT DISTINCT(t2.ucenter_menu_id) FROM t_ucenter_role_r_menu t2, t_ucenter_role_r_user t3 WHERE t2.ucenter_role_id=t3.ucenter_role_id AND t3.ucenter_user_id=? AND t2.del_tag='0' AND t3.del_tag='0') AND t1.del_tag='0'"
}