{
	"ucenterRoleRUserGetById"		: "select * from t_ucenter_role_r_user where id=? and del_tag='0'",
	"ucenterRoleRUserAdd"			: "insert into t_ucenter_role_r_user(id, ucenter_role_id, ucenter_user_id, cdate, cuser_id, cuser_name, udate, uuser_id, uuser_name, del_tag) values(null, ?, ?, now(), ?, ?, now(), ?, ?, '0')",
	"ucenterRoleRUserEdit"		: "update t_ucenter_role_r_user set ucenter_role_id=?, ucenter_user_id=?, udate=now(), uuser_id=?, uuser_name=? where id=? and del_tag='0'",
	"ucenterRoleRUserDel"			: "update t_ucenter_role_r_user set del_tag='1' where id in (?)",
	"ucenterRoleRUserListCount"	: "SELECT count(*) tcount FROM t_ucenter_role_r_user t WHERE t.del_tag='0'",
	"ucenterRoleRUserListQuery"	: "SELECT * FROM t_ucenter_role_r_user t WHERE t.del_tag='0'"
}